自从观测了你之后，我就回不去了 〜P̷ R̸O̵ J̴ E̷ C̸T̵ A L̷I̸ E̵N̴ LO̸ V̵E̴ LY̷,RJ01672667,attachment:5f0edfdb-2bd3-40d5-8a7f-ec63eb2e8944:1672667.png,红,有,まなづる屋℃-use,"SF,互攻",https://pan.baidu.com/s/1_uNWvnXXSnwCEW-co4qOSg?pwd=u9v2,unit
夏洛特·斯科波夫斯卡娅ASMR～直到死亡将我们分开，永远在一起～,RJ01668824,attachment:898ec939-91ab-44af-a495-4c33e04972ea:シャロPC壁紙.jpg,绿,有,WFS,"ASMR,同人",b站,无
枫香，我们二人一同去探求美食的真谛吧♪,RJ01630624,attachment:008dc121-b069-4f8c-9b8a-8240a649208d:special1.png,红,有,なつこん,"互攻,同人",https://pan.baidu.com/s/1r4Z_n2mjlYliWjqB6JQaxg?pwd=pjxw,lily
让变的冷淡的朋友理我的方法,RJ01574165,attachment:e0262a98-eb57-44a7-99c8-dfe416fba0aa:嵟嬤僣儗側偄桭払偵峔偭偰傕傜偆曽朄.jpg,红,有,安稳剑吞,"搞笑,纯爱",https://pan.baidu.com/s/1GO7SqgL5Lh0Sa4u-sbTevQ?pwd=nk6x,yuri
【纯爱沉沦×甜腻共依存】塞西尔的一切都属于姐姐 ～让无垢高洁的M少女圣骑士通过彻底奉仕获得幸福，用誓约之戒“永远”相随的百合语音～,RJ01571551,attachment:7608fbd8-cc62-490e-80bd-37b20c036ecc:01.【文字あり_通常】セシルはあなたがすべて_ジャケットイラスト.png,红,有,普鲁士蓝,"互攻,纯爱",https://pan.baidu.com/s/1OT6ERw8zrb8_NC_YNGhrHg?pwd=41uk,lily
朝与光,RJ01546524,attachment:42c5dac6-ccde-4169-a8ac-0da66b43a600:hikari.jpg,黄,有,背包社,"ASMR,GID/认同障碍,纯爱",https://pan.baidu.com/s/1H2nWo9q0Q2yqHCgYz5DF8Q?pwd=63ww,hikari
les风俗店的百合观赏和与同级生的初体验,RJ1454229,attachment:a8af6d5a-1819-4fe2-be68-f06ed0fd380a:レズ風俗の百合鑑賞コースで同級生と初体験_ロゴあり.png,红,有,ユビノタクト,"主视角受,多人",https://pan.baidu.com/s/1RRohKLmDtxefsm03_p2xEw?pwd=eut3,itsuki
寂寞的阿尔拉乌涅的恋人候选是我,RJ01412971,attachment:846c5ef2-519d-49e4-b784-e36646e72921:1412971.jpg,红,有,えたーなるわーくす,"主视角受,触手,魔物娘",https://pan.baidu.com/s/1vrBt-fBn3LeJSjQ5EqZ9ew?pwd=vh4q,4095
紫阳花的亲吻花束,RJ01383820,attachment:984ec061-6911-41c7-9d4f-840cb85d862b:RJ01383820_img_main.webp,红,有,まなづる屋℃-use,"主仆,背德",https://pan.baidu.com/s/1SE_iJ92fZsc7pcMzjBGWWA?pwd=vurk,azisi
敌国女干部帕米拉的改造计划～被最喜欢看人沦陷于快感的兔女郎大姐姐干部，用甜蜜教育彻底训化的百合音声～【彻底快乐沦陷】,RJ01301786,attachment:2718fff9-de28-4505-b7fd-58edc92ddf9f:01.【文字あり_通常】敵国女幹部パメラの性的絶頂更生プラン_ジャケットイラスト.png,红,有,普鲁士蓝,"主视角受,纯爱",https://pan.baidu.com/s/10gbKyXRjrEuWKeZJ0QSoNw?pwd=ikmx,bunny
老师，今天也一起舒舒服服地摸鱼吧♪for女先生,RJ01298423,attachment:e85dc3ee-41e9-4405-a1a5-df88f8f36b95:Fspecial.png,红,有,なつこん,"主视角受,同人",https://pan.baidu.com/s/1R3b73R9icoT3Pj4fRruZPw?pwd=i48u,iroha
连接你我的ASMR,RJ01273029,attachment:9c2b1262-4236-487d-91b9-c4e57e9fe650:78818af770d84d8856026724a853aee1.jpg,绿,有,KDM,ASMR,b站,无
爱，人工传染病,RJ01103301,attachment:a1122db8-d95a-4a47-aaca-4d52c4a6d4c6:ジャケットイラスト.jpg,红,有,安稳剑吞,"主仆,纯爱",https://pan.baidu.com/s/1VeeYMlhyEGag-gHsePOPNA?pwd=cg3s,turing
女高中生的捆绑物语（分上下，两个网盘链接）,RJ01205778,attachment:1c0c79f6-02eb-4c58-83ab-9b20d32e51a2:僀儔僗僩.jpg,红,有,彩屋,"SM,主视角受",https://pan.baidu.com/s/1bucZj01lxv9SrVq0wO66gg?pwd=8jkd,sama
献予触手姬的百合巫女,RJ01250739,attachment:9110f296-adcd-4824-82f7-1015a6a2f6f3:触手姫の生贄は百合の巫女_ロゴあり.png,红,有,ユビノタクト,"主视角受,催眠,触手",https://pan.baidu.com/s/1XTCHNKyJdDfp4jPYIwk2zw?pwd=6gy2,hime
梅露雅的主人 ～被全肯定、清纯的魅魔护士妹妹，带你体验甜到掉牙的被爱护理生活～,RJ422728,attachment:601b4882-9146-43da-a711-64991b877793:01【文字あり_通常】メルヤのしゅじん_ジャケットイラスト.png,红,有,普鲁士蓝,"主视角受,尾巴,魔物娘",https://pan.baidu.com/s/1yAUuqjdgGEIV5CqGL5-pqg?pwd=qxwd,meruya
被女儿色色地撒娇的妈妈,RJ232552,attachment:a153bfb4-98c3-4480-afde-5355f52523d2:special.png,黄,有,なつこん,"母女,纯爱",https://pan.baidu.com/s/14xkTkyb4ZVyl7axsA4kfqg?pwd=jp3w,yuri
